City_ID,City,Country,Lat,Lng,Max Temp,Humidity,Cloudiness,Wind Speed,Current Description
0,Hobyo,SO,5.3505,48.5268,76.1,81,95,30.89,overcast clouds
1,Maple Creek,CA,49.9168,-109.4848,89.65,25,0,6.91,clear sky
2,Puerto Ayora,EC,-0.7393,-90.3518,76.96,95,68,5.01,broken clouds
3,Ushuaia,AR,-54.8,-68.3,38.86,52,20,5.75,few clouds
4,Mumias,KE,0.3351,34.4864,63.59,91,72,3.29,light rain
5,Dunedin,NZ,-45.8742,170.5036,54.27,68,100,11.5,overcast clouds
6,Rikitea,PF,-23.1203,-134.9692,73.65,81,86,14.65,moderate rain
7,Bethel,US,41.3712,-73.414,84.65,64,0,8.05,clear sky
8,Jamestown,US,42.097,-79.2353,71.94,94,100,10.36,thunderstorm with rain
9,Severo-Kurilsk,RU,50.6789,156.125,55.09,94,99,2.55,overcast clouds
10,Bredasdorp,ZA,-34.5322,20.0403,53.76,87,0,4.81,clear sky
11,Esperance,AU,-33.8667,121.9,53.02,94,100,11.32,light rain
12,Cape Town,ZA,-33.9258,18.4232,58.26,88,40,9.22,scattered clouds
13,Peniche,PT,39.3558,-9.3811,70.29,86,0,3.22,clear sky
14,Atuona,PF,-9.8,-139.0333,78.08,77,11,20.69,few clouds
15,Tuktoyaktuk,CA,69.4541,-133.0374,62.6,72,40,10.36,scattered clouds
16,Ostrovnoy,RU,68.0531,39.5131,56.07,77,65,9.55,broken clouds
17,Yichun,CN,47.7,128.9,62.15,99,100,3.27,overcast clouds
18,Punta Arenas,CL,-53.15,-70.9167,35.71,87,0,27.63,clear sky
19,Hilo,US,19.7297,-155.09,91.27,75,75,4.0,broken clouds
20,New Norfolk,AU,-42.7826,147.0587,38.7,79,87,1.01,overcast clouds
21,Muros,ES,42.7762,-9.0603,75.69,92,67,1.19,broken clouds
22,Provideniya,RU,64.3833,-173.3,48.36,93,100,7.0,mist
23,Yuzawa,JP,39.1667,140.5,70.41,94,57,1.21,light rain
24,Ponta Do Sol,PT,32.6667,-17.1,75.0,81,8,7.83,clear sky
25,Yellowknife,CA,62.456,-114.3525,66.72,72,100,18.41,overcast clouds
26,Vaini,TO,-21.2,-175.2,75.36,88,20,10.36,few clouds
27,Gvarv,NO,59.3875,9.1737,64.6,73,99,4.0,overcast clouds
28,Mataura,NZ,-46.1927,168.8643,51.48,66,98,10.78,overcast clouds
29,Teguise,ES,29.0605,-13.564,70.02,73,20,21.85,few clouds
30,Ahipara,NZ,-35.1667,173.1667,52.25,77,97,5.68,overcast clouds
31,Longyearbyen,SJ,78.2186,15.6401,57.04,77,75,8.05,broken clouds
32,Barrow,US,71.2906,-156.7887,37.42,87,100,18.41,overcast clouds
33,Butaritari,KI,3.0707,172.7902,81.81,74,90,10.69,light rain
34,Tuatapere,NZ,-46.1333,167.6833,52.7,77,88,15.01,light rain
35,Pisco,PE,-13.7,-76.2167,66.25,68,3,6.91,haze
36,Port Alfred,ZA,-33.5906,26.891,69.49,36,0,11.86,clear sky
37,Lebu,CL,-37.6167,-73.65,49.42,81,29,14.7,scattered clouds
38,Tasiilaq,GL,65.6145,-37.6368,50.16,80,67,5.88,broken clouds
39,Namibe,AO,-15.1961,12.1522,64.58,83,6,1.83,clear sky
40,Banda Aceh,ID,5.5577,95.3222,79.21,83,95,5.39,overcast clouds
41,Mayo,US,38.8876,-76.5119,87.37,81,0,6.91,clear sky
42,Busselton,AU,-33.65,115.3333,53.83,91,99,14.2,overcast clouds
43,Lexington Park,US,38.2668,-76.4538,87.48,82,0,10.36,clear sky
44,Hobart,AU,-42.8794,147.3294,39.06,83,20,17.27,few clouds
45,Lavrentiya,RU,65.5833,-171.0,47.62,95,100,7.49,overcast clouds
46,Saint-Philippe,RE,-21.3585,55.7679,69.39,75,68,15.08,broken clouds
47,Port Lincoln,AU,-34.7333,135.8667,52.25,69,100,7.27,overcast clouds
48,Guanare,VE,9.0418,-69.7421,89.62,58,9,8.05,clear sky
49,Eureka,US,40.8021,-124.1637,67.19,77,13,5.99,few clouds
50,Kapaa,US,22.0752,-159.319,82.72,75,100,16.11,overcast clouds
51,Chuy,UY,-33.6971,-53.4616,46.06,78,0,6.71,clear sky
52,Krasnoselkup,RU,65.7,82.4667,51.1,84,19,10.29,few clouds
53,Dalbandin,PK,28.8947,64.4101,87.76,44,13,7.14,few clouds
54,Belaya Gora,RU,68.5333,146.4167,51.78,49,61,1.83,broken clouds
55,Tanout,NE,14.9709,8.8879,77.32,70,66,10.65,light rain
56,Vanavara,RU,60.34,102.2797,54.46,85,92,1.3,overcast clouds
57,Eldorado,BR,-23.7869,-54.2836,64.08,61,100,4.36,heavy intensity rain
58,Gamba,GA,-2.65,10.0,69.62,89,20,5.32,few clouds
59,Qaanaaq,GL,77.484,-69.3632,46.69,61,100,4.05,overcast clouds
60,Alofi,NU,-19.0595,-169.9187,76.89,78,40,11.5,scattered clouds
61,Maxixe,MZ,-23.8597,35.3472,65.79,91,4,5.35,clear sky
62,Chokurdakh,RU,70.6333,147.9167,45.09,62,9,11.92,clear sky
63,Laguna,US,38.421,-121.4238,105.31,27,0,6.91,clear sky
64,Touros,BR,-5.1989,-35.4608,77.58,78,71,16.53,broken clouds
65,Dikson,RU,73.5069,80.5464,43.95,79,10,8.14,clear sky
66,Deniliquin,AU,-35.5333,144.9667,37.24,94,12,6.31,few clouds
67,Porto Feliz,BR,-23.2147,-47.5239,85.59,50,87,8.77,overcast clouds
68,Yunyang,CN,33.4474,112.7142,78.17,66,18,1.95,few clouds
69,Mahebourg,MU,-20.4081,57.7,70.09,64,40,14.97,scattered clouds
70,Mandan,US,46.8267,-100.8896,100.36,36,0,6.91,clear sky
71,Richards Bay,ZA,-28.783,32.0377,65.62,86,0,10.49,clear sky
72,East London,ZA,-33.0153,27.9116,69.03,31,0,8.43,clear sky
73,Sembe,CG,1.6481,14.5806,72.0,87,100,1.74,light rain
74,Shelburne,CA,44.0787,-80.2041,82.29,49,100,7.16,overcast clouds
75,Nouadhibou,MR,20.931,-17.0347,71.58,83,3,25.32,sand
76,Pevek,RU,69.7008,170.3133,31.68,93,100,29.73,overcast clouds
77,Tiznit,MA,29.5833,-9.5,76.96,59,52,3.06,broken clouds
78,Taltal,CL,-25.4,-70.4833,61.99,63,12,4.27,few clouds
79,Iqaluit,CA,63.7506,-68.5145,40.73,93,100,5.75,light rain
80,Upernavik,GL,72.7868,-56.1549,41.07,87,29,14.72,scattered clouds
81,Sept-Iles,CA,50.2001,-66.3821,77.0,55,40,6.91,scattered clouds
82,Omboue,GA,-1.5746,9.2618,72.14,84,20,5.99,few clouds
83,Villazon,BO,-22.0866,-65.5942,56.08,3,34,18.23,scattered clouds
84,Geraldton,AU,-28.7667,114.6,54.01,100,75,5.75,broken clouds
85,Kampene,CD,-3.6,26.6667,72.27,66,64,1.41,broken clouds
86,Klaksvik,FO,62.2266,-6.589,50.92,87,100,21.74,overcast clouds
87,Kolokani,ML,13.5728,-8.0339,74.32,83,100,3.65,overcast clouds
88,San Onofre,CO,9.7359,-75.5263,82.98,83,99,6.17,overcast clouds
89,Bluff,NZ,-46.6,168.3333,51.8,61,100,22.77,overcast clouds
90,Hithadhoo,MV,-0.6,73.0833,77.36,84,100,20.49,overcast clouds
91,Hermanus,ZA,-34.4187,19.2345,54.81,83,0,8.55,clear sky
92,Nokaneng,BW,-19.6667,22.2667,54.45,44,0,7.18,clear sky
93,Inhambane,MZ,-23.865,35.3833,66.92,90,4,6.22,clear sky
94,Albany,US,42.6001,-73.9662,91.02,44,99,7.83,overcast clouds
95,Okmulgee,US,35.6234,-95.9605,103.01,32,0,5.75,clear sky
96,Jilib,SO,0.4883,42.7854,73.49,83,39,9.53,scattered clouds
97,Yeppoon,AU,-23.1333,150.7333,49.78,87,3,5.12,clear sky
98,Auburn,US,47.3073,-122.2284,68.29,66,100,4.61,overcast clouds
99,Nikolskoye,RU,59.7035,30.7861,57.09,95,100,4.61,overcast clouds
100,La Tuque,CA,47.4334,-72.7824,84.45,37,100,5.75,overcast clouds
101,Sumbe,AO,-11.2061,13.8437,67.82,93,13,6.6,few clouds
102,Nakhon Nayok,TH,14.1667,101.1,78.33,86,100,4.52,overcast clouds
103,Tongliao,CN,43.6125,122.2653,67.68,90,95,6.69,overcast clouds
104,Port Elizabeth,ZA,-33.918,25.5701,72.1,44,0,5.75,clear sky
105,Shalakusha,RU,62.2247,40.2539,55.17,80,95,1.86,overcast clouds
106,Samarai,PG,-10.6167,150.6667,79.47,82,27,5.12,scattered clouds
107,Lufkin,US,31.3382,-94.7291,100.83,32,20,4.61,few clouds
108,Cherskiy,RU,68.75,161.3,39.09,54,98,16.33,overcast clouds
109,Cabo San Lucas,MX,22.8909,-109.9124,95.61,26,0,11.5,clear sky
110,Leningradskiy,RU,69.3833,178.4167,32.56,94,83,26.75,light snow
111,Srednekolymsk,RU,67.45,153.6833,52.27,43,11,8.34,few clouds
112,Shingu,JP,33.7333,135.9833,75.47,84,100,4.94,overcast clouds
113,Aklavik,CA,68.2191,-135.0107,72.37,40,96,8.72,overcast clouds
114,Rafsanjan,IR,30.4067,55.9939,83.95,9,0,0.18,clear sky
115,Kamenka,RU,51.3223,42.7678,65.41,88,65,5.17,light rain
116,Kalabo,ZM,-14.97,22.6814,53.67,44,2,6.58,clear sky
117,Labrea,BR,-7.2586,-64.7981,88.25,53,100,4.16,overcast clouds
118,Tatawin,TN,32.9297,10.4518,75.49,68,0,10.58,clear sky
119,Gornopravdinsk,RU,60.05,69.9,62.11,64,79,2.68,broken clouds
120,Torbay,CA,47.6666,-52.7314,70.57,76,100,5.75,overcast clouds
121,Calama,CL,-22.4667,-68.9333,68.49,6,0,19.57,clear sky
122,Arlit,NE,18.7369,7.3853,94.57,29,73,8.05,broken clouds
123,Buala,SB,-8.145,159.5921,81.34,78,29,9.08,scattered clouds
124,Mehamn,NO,71.0357,27.8492,51.75,87,75,5.75,broken clouds
125,Namatanai,PG,-3.6667,152.4333,80.19,77,68,9.13,broken clouds
126,Mackay,AU,-21.15,149.2,60.67,87,1,8.48,clear sky
127,Lagoa,PT,39.05,-27.9833,70.9,92,0,9.84,clear sky
128,Faanui,PF,-16.4833,-151.75,77.07,70,83,17.92,light rain
129,Kushima,JP,31.4583,131.2333,77.63,78,100,3.04,light rain
130,Ulcinj,ME,41.9294,19.2244,79.02,63,57,10.69,broken clouds
131,Vostok,RU,46.4856,135.8833,56.88,94,100,1.92,light rain
132,Ulaanbaatar,MN,47.9077,106.8832,48.33,87,0,0.0,clear sky
133,Ouadda,CF,8.0777,22.4007,68.04,98,100,5.01,overcast clouds
134,Naze,JP,28.3667,129.4833,77.92,84,100,18.86,light rain
135,Yerbogachen,RU,61.2767,108.0108,57.38,83,83,1.77,broken clouds
136,Sitka,US,57.0531,-135.33,55.29,94,100,6.91,moderate rain
137,Arraial Do Cabo,BR,-22.9661,-42.0278,76.96,73,0,16.11,clear sky
138,Dukat,RU,62.55,155.55,48.24,90,100,4.68,light rain
139,Victoria,HK,22.2855,114.1577,86.38,82,100,11.99,overcast clouds
140,Shitanjing,CN,39.2342,106.3439,72.07,29,75,4.99,broken clouds
141,Avarua,CK,-21.2078,-159.775,75.25,73,40,3.44,scattered clouds
142,Marawi,PH,7.9986,124.2928,68.79,94,100,3.42,light rain
143,Stavanger,NO,58.9701,5.7333,59.22,95,100,4.61,overcast clouds
144,Haines Junction,CA,60.7522,-137.5108,66.15,42,95,2.3,overcast clouds
145,Margate,GB,51.3813,1.3862,68.11,67,43,1.01,scattered clouds
146,De-Kastri,RU,51.4667,140.7833,56.17,93,100,2.57,moderate rain
147,Hun,LY,29.1268,15.9477,82.4,33,0,15.82,clear sky
148,Half Moon Bay,US,37.4636,-122.4286,92.53,70,20,19.57,mist
149,Santa Maria,BR,-29.6842,-53.8069,51.1,66,100,2.3,overcast clouds
150,Cockburn Town,TC,21.4612,-71.1419,85.96,66,40,16.11,scattered clouds
151,Nagato,JP,34.3833,131.2,77.04,78,100,6.4,overcast clouds
152,Qandala,SO,11.472,49.8728,91.63,45,11,16.64,few clouds
153,Miramar,US,25.9873,-80.2323,91.0,67,0,17.27,clear sky
154,Biryusinsk,RU,55.9634,97.8235,58.41,90,100,4.72,light rain
155,Petatlan,MX,17.5167,-101.2667,91.2,67,98,8.43,overcast clouds
156,Poum,NC,-20.2333,164.0167,73.87,72,0,17.67,clear sky
157,Gogrial,SS,8.5332,28.1004,72.99,91,99,2.68,moderate rain
158,Tianpeng,CN,30.9866,103.9393,77.47,86,100,1.57,overcast clouds
159,Totness,SR,5.8833,-56.3167,81.91,75,39,8.41,scattered clouds
160,Nosy Varika,MG,-20.5833,48.5333,66.24,85,67,4.03,light rain
161,Kodiak,US,57.79,-152.4072,63.91,52,100,6.91,overcast clouds
162,Vila Velha,BR,-20.3297,-40.2925,76.95,82,0,12.66,clear sky
163,Durango,MX,24.8333,-104.8333,84.88,20,16,15.23,few clouds
164,Nizwa,OM,22.9333,57.5333,85.55,58,100,3.74,overcast clouds
165,Asau,RO,46.4333,26.4,65.32,65,24,3.47,few clouds
166,General Roca,AR,-39.0333,-67.5833,58.62,43,75,23.38,broken clouds
167,Ancud,CL,-41.8697,-73.8203,42.22,74,68,15.14,broken clouds
168,Bambous Virieux,MU,-20.3428,57.7575,70.05,64,40,14.97,light rain
169,Ashland,US,40.8167,-82.2665,72.14,95,100,7.45,moderate rain
170,Souillac,MU,-20.5167,57.5167,70.18,64,40,14.97,light rain
171,Fort Nelson,CA,58.8053,-122.7002,71.19,46,75,3.44,broken clouds
172,Avera,US,33.194,-82.5271,90.91,39,37,8.39,scattered clouds
173,Naryan-Mar,RU,67.6713,53.087,58.95,90,100,4.7,overcast clouds
174,Markdale,CA,44.3168,-80.6497,80.06,58,100,5.41,overcast clouds
175,Turbat,PK,26.0023,63.044,91.92,59,86,3.8,overcast clouds
176,Baiyin,CN,36.5583,104.2081,64.26,57,100,6.29,overcast clouds
177,Zabaykalsk,RU,49.6333,117.3167,60.53,91,100,6.82,overcast clouds
178,Mar Del Plata,AR,-38.0023,-57.5575,57.22,44,0,19.57,clear sky
179,Aljezur,PT,37.3191,-8.8033,66.04,90,3,8.3,clear sky
180,Beloha,MG,-25.1667,45.05,63.32,78,0,9.84,clear sky
181,Channel-Port Aux Basques,CA,47.5702,-59.1367,63.79,83,83,3.13,light rain
182,Norman Wells,CA,65.282,-126.8329,73.44,43,75,9.22,broken clouds
183,Hope,US,33.6671,-93.5916,102.25,25,17,8.57,few clouds
184,Tiksi,RU,71.6872,128.8694,38.53,74,100,6.06,overcast clouds
185,Notse,TG,6.95,1.1667,72.19,90,68,6.76,broken clouds
186,Correia Pinto,BR,-27.5847,-50.3611,46.24,87,88,1.25,overcast clouds
187,Airai,TL,-8.9266,125.4092,52.93,87,39,3.6,scattered clouds
188,Olenino,RU,56.2092,33.4889,57.94,62,99,2.28,overcast clouds
189,Polyarnyy,RU,69.1989,33.4478,53.62,96,100,3.36,overcast clouds
190,Jalu,LY,29.0331,21.5482,83.03,42,0,17.38,clear sky
191,Skibbereen,IE,51.55,-9.2667,68.11,90,37,2.28,scattered clouds
192,Gat,IL,31.61,34.7642,79.48,100,0,0.56,clear sky
193,San Patricio,US,28.017,-97.5169,97.54,39,69,16.06,broken clouds
194,Aksu,CN,41.1231,80.2644,76.37,30,0,8.95,clear sky
195,Seoul,KR,37.5683,126.9778,74.64,91,75,3.44,mist
196,Cottbus,DE,51.7667,14.3333,62.96,59,52,0.67,broken clouds
197,Kathu,TH,7.9178,98.3332,85.75,87,77,7.9,broken clouds
198,Otacilio Costa,BR,-27.4831,-50.1219,46.38,83,100,1.7,overcast clouds
199,Sarka Ghat,IN,31.7,76.7333,73.45,75,2,3.67,clear sky
200,Brownsville,US,25.9018,-97.4975,96.8,52,20,16.11,few clouds
201,Tingo Maria,PE,-9.2895,-76.0088,79.95,78,92,3.11,overcast clouds
202,Den Helder,NL,52.9599,4.7593,67.98,75,75,2.3,broken clouds
203,Codrington,AU,-38.2667,141.9667,48.02,71,100,16.24,overcast clouds
204,Ndele,CF,8.4109,20.6473,69.21,98,100,1.59,overcast clouds
205,Mananjary,MG,-21.2167,48.3333,65.68,86,59,5.46,light rain
206,Tautira,PF,-17.7333,-149.15,75.43,71,45,13.18,scattered clouds
207,Saint George,US,37.1041,-113.5841,103.78,19,0,12.66,clear sky
208,Luderitz,NA,-26.6481,15.1594,63.55,54,1,7.09,clear sky
209,Talnakh,RU,69.4865,88.3972,52.21,68,94,1.79,overcast clouds
210,Binga,ZW,-17.6203,27.3414,60.1,48,0,5.99,clear sky
211,Fairlie,GB,55.756,-4.8556,66.9,75,100,3.67,overcast clouds
212,Lazaro Cardenas,MX,17.9583,-102.2,85.98,65,87,9.53,overcast clouds
213,Yeniseysk,RU,58.4497,92.1703,55.71,99,100,9.15,heavy intensity rain
214,Christchurch,NZ,-43.5333,172.6333,60.48,39,27,20.71,scattered clouds
215,Priyutnoye,RU,46.1011,43.5072,78.58,39,30,8.01,scattered clouds
216,Bengkulu,ID,-3.8004,102.2655,75.31,88,54,4.21,broken clouds
217,Kaura Namoda,NG,12.5898,6.5779,75.52,82,100,3.18,overcast clouds
218,Hami,CN,42.8,93.45,78.84,27,4,3.15,clear sky
219,Carutapera,BR,-1.195,-46.02,79.86,78,67,7.99,broken clouds
220,Khatanga,RU,71.9667,102.5,58.06,60,100,4.85,overcast clouds
221,Port Blair,IN,11.6667,92.75,77.04,94,75,2.3,mist
222,Ridgecrest,US,35.6225,-117.6709,111.69,12,0,13.8,clear sky
223,Carballo,ES,43.213,-8.691,67.42,89,77,1.19,broken clouds
224,Erenhot,CN,43.6475,111.9767,67.51,32,3,2.75,clear sky
225,Abalak,RU,58.1286,68.5944,56.84,65,60,4.16,broken clouds
226,Thompson,CA,55.7435,-97.8558,80.76,50,40,13.8,scattered clouds
227,Svetlogorsk,BY,52.6333,29.7333,52.56,96,62,7.27,broken clouds
228,Kruisfontein,ZA,-34.0033,24.7314,69.89,25,2,20.54,clear sky
229,Santa Cruz Cabralia,BR,-16.2781,-39.0247,73.63,83,75,8.05,broken clouds
230,Aguimes,ES,27.9054,-15.4461,70.66,68,20,31.07,few clouds
231,Debre Tabor,ET,11.85,38.0167,52.92,90,100,2.15,light rain
232,Salinopolis,BR,-0.6136,-47.3561,80.53,80,54,10.04,broken clouds
233,Mount Isa,AU,-20.7333,139.5,46.17,81,1,0.0,clear sky
234,Bocas Del Toro,PA,9.3333,-82.25,82.56,70,90,6.82,overcast clouds
235,Bambanglipuro,ID,-7.95,110.2833,75.38,85,92,8.3,overcast clouds
236,Saskylakh,RU,71.9167,114.0833,48.34,52,96,8.14,overcast clouds
237,Nanortalik,GL,60.1432,-45.2371,43.3,86,99,13.22,overcast clouds
238,Methoni,GR,36.8197,21.7049,83.21,62,0,7.34,clear sky
239,Carnarvon,AU,-24.8667,113.6333,57.27,94,40,3.44,scattered clouds
240,Paamiut,GL,61.994,-49.6678,43.47,86,100,5.06,overcast clouds
241,Verkhoyansk,RU,67.5447,133.385,57.38,65,100,2.24,overcast clouds
242,Padang,ID,-0.9492,100.3543,76.28,77,12,4.14,few clouds
243,Solnechnyy,RU,50.7214,136.6319,61.52,85,100,3.83,overcast clouds
244,Anito,PH,12.4497,125.2886,77.18,92,100,5.44,overcast clouds
245,Iranshahr,IR,27.2025,60.6848,95.34,41,0,11.5,clear sky
246,Hamilton,US,39.1834,-84.5333,74.25,94,100,13.8,light rain
247,Nara,JP,34.6851,135.8049,76.5,73,100,4.61,overcast clouds
248,Yarkovo,RU,57.4028,67.0786,57.13,86,14,3.04,few clouds
249,Nemuro,JP,43.3236,145.575,62.64,100,100,10.69,overcast clouds
250,Rocha,UY,-34.4833,-54.3333,45.09,71,0,7.31,clear sky
251,Sosnogorsk,RU,63.6023,53.8817,63.73,62,85,1.83,overcast clouds
252,Aksarka,RU,66.5606,67.7975,57.61,66,100,5.82,overcast clouds
253,Ulladulla,AU,-35.35,150.4667,48.52,61,0,13.62,clear sky
254,Hameenlinna,FI,60.996,24.4643,55.15,85,100,5.08,overcast clouds
255,Maniitsoq,GL,65.4167,-52.9,42.84,95,100,17.54,light rain
256,Dingle,PH,10.9995,122.6711,74.75,93,100,1.9,light rain
257,Miri,MY,4.4148,114.0089,77.14,100,20,2.3,few clouds
258,Ixtapa,MX,20.7,-105.2,85.23,70,75,8.05,broken clouds
259,Nsoko,SZ,-27.0333,31.95,58.26,92,0,2.39,clear sky
260,Faya,SA,18.3851,42.4509,68.52,41,37,5.06,scattered clouds
261,Berbera,SO,10.4396,45.0143,92.64,39,5,22.77,clear sky
262,Kaitangata,NZ,-46.2817,169.8464,46.04,85,84,5.68,broken clouds
263,Comodoro Rivadavia,AR,-45.8667,-67.5,48.06,49,0,24.16,clear sky
264,Villa Del Rosario,CO,7.8339,-72.4742,86.38,62,40,6.91,scattered clouds
265,Kajaani,FI,64.2273,27.7285,55.45,94,75,5.75,broken clouds
266,East Brainerd,US,34.9959,-85.1502,94.06,53,75,9.22,broken clouds
267,Anadyr,RU,64.75,177.4833,43.3,41,0,29.08,clear sky
268,Kauhajoki,FI,62.4333,22.1833,53.58,92,100,4.07,overcast clouds
269,Santa Lucia,ES,27.9117,-15.5407,65.77,68,20,31.07,few clouds
270,Saldanha,ZA,-33.0117,17.9442,55.45,91,0,7.4,clear sky
271,Matara,LK,5.9485,80.5353,78.46,86,100,10.42,overcast clouds
272,Grindavik,IS,63.8424,-22.4338,51.75,87,100,11.5,light intensity drizzle
273,Coos Bay,US,43.3665,-124.2179,76.32,72,0,27.63,clear sky
274,Muzaffargarh,PK,30.0754,71.1921,84.22,68,72,3.06,light rain
275,Escanaba,US,45.7453,-87.0646,80.96,66,0,10.36,clear sky
276,Vuktyl,RU,63.8567,57.3094,58.8,92,53,2.59,broken clouds
277,Guerrero Negro,MX,27.9769,-114.0611,81.23,47,1,13.49,clear sky
278,Mount Gambier,AU,-37.8333,140.7667,46.47,79,100,8.72,overcast clouds
279,Georgetown,MY,5.4112,100.3354,82.89,92,20,2.3,few clouds
280,Sabla,NG,12.7525,4.7077,78.3,77,100,9.73,moderate rain
281,Hambantota,LK,6.1241,81.1185,80.02,79,100,15.95,overcast clouds
282,Manokwari,ID,-0.8667,134.0833,75.74,83,100,2.46,overcast clouds
283,Portland,US,45.5234,-122.6762,76.6,45,75,10.36,broken clouds
284,Beringovskiy,RU,63.05,179.3167,45.34,55,11,27.11,few clouds
285,Lucapa,AO,-8.4192,20.7447,75.36,29,98,1.61,overcast clouds
286,Vila Franca Do Campo,PT,37.7167,-25.4333,70.21,83,35,6.38,scattered clouds
287,Cobija,BO,-11.0267,-68.7692,90.09,45,46,2.55,scattered clouds
288,Merauke,ID,-8.4667,140.3333,75.49,89,100,9.57,overcast clouds
289,El Rosario,MX,24.2556,-107.1828,94.26,48,51,11.59,broken clouds
290,Yulara,AU,-25.2406,130.9889,47.46,51,74,9.35,broken clouds
291,Casimiro Castillo,MX,19.6,-104.4333,85.03,75,99,4.92,overcast clouds
292,Taoudenni,ML,22.6783,-3.9836,104.4,10,55,12.75,broken clouds
293,Magadan,RU,59.5667,150.8,56.53,94,100,3.42,overcast clouds
294,Axim,GH,4.8699,-2.2405,74.79,80,43,8.75,scattered clouds
295,Kieta,PG,-6.2167,155.6333,79.34,86,69,5.7,light rain
296,Castro,BR,-24.7911,-50.0119,64.31,81,100,3.4,overcast clouds
297,Kahului,US,20.8947,-156.47,87.82,65,20,24.0,few clouds
298,Saint-Leu,RE,-21.15,55.2833,69.31,69,40,10.4,scattered clouds
299,Fortuna,US,40.5982,-124.1573,67.93,78,8,7.0,clear sky
300,Dickinson,US,29.4608,-95.0513,100.15,58,40,5.75,scattered clouds
301,Kalaleh,IR,37.3807,55.4916,84.56,65,0,0.36,clear sky
302,Husavik,IS,66.0449,-17.3389,46.58,92,100,7.74,overcast clouds
303,Nishihara,JP,26.1842,127.7558,83.86,91,75,17.27,drizzle
304,San Andres,CO,12.5847,-81.7006,86.02,79,75,13.8,broken clouds
305,Singaraja,ID,-8.112,115.0882,76.82,82,4,4.0,clear sky
306,Wuan,CN,31.6836,112.0044,80.04,81,18,1.3,few clouds
307,La Ronge,CA,55.1001,-105.2842,77.25,38,75,8.05,broken clouds
308,Andenes,NO,69.3143,16.1194,49.98,87,75,6.91,broken clouds
309,Tangzhai,CN,34.4328,116.5911,74.08,96,50,1.7,scattered clouds
310,Bathsheba,BB,13.2167,-59.5167,86.61,82,20,24.16,few clouds
311,Sobolevo,RU,54.4299,31.8996,52.09,88,17,6.31,few clouds
312,Valparaiso,CL,-33.0393,-71.6273,62.83,60,0,9.22,clear sky
313,Manuk Mangkaw,PH,4.8,119.85,82.63,72,100,4.5,light rain
314,Hailey,US,43.5196,-114.3153,91.89,16,83,15.64,broken clouds
315,Concordia,AR,-31.393,-58.0209,52.79,63,0,11.99,clear sky
316,Port Augusta,AU,-32.5,137.7667,43.34,86,2,2.98,clear sky
317,Makakilo City,US,21.3469,-158.0858,82.72,64,100,25.32,overcast clouds
318,Jacmel,HT,18.2342,-72.5347,98.44,55,16,8.86,few clouds
319,Kozhva,RU,65.1073,57.0459,61.45,96,100,2.42,overcast clouds
320,Pacific Grove,US,36.6177,-121.9166,80.2,85,40,11.5,scattered clouds
321,Adrar,MR,20.5022,-10.0711,101.73,9,60,9.28,broken clouds
322,Porto Novo,BJ,6.4965,2.6036,75.4,86,38,7.47,scattered clouds
323,Sao Miguel,BR,-5.4667,-35.3667,75.97,79,65,16.91,broken clouds
324,Maragogi,BR,-9.0122,-35.2225,74.77,81,72,9.55,broken clouds
325,Lar,IN,26.2039,83.9717,90.68,55,66,12.84,broken clouds
326,Sekovici,BA,44.2986,18.8528,61.25,50,1,3.38,clear sky
327,Basco,PH,20.4487,121.9702,84.67,79,100,13.89,overcast clouds
328,Sosnovo-Ozerskoye,RU,52.5249,111.5418,50.18,56,0,2.33,clear sky
329,San Pedro,PH,14.35,121.0167,78.03,93,20,4.61,few clouds
330,Tutoia,BR,-2.7619,-42.2744,80.04,81,35,10.65,scattered clouds
331,Sunyani,GH,7.3399,-2.3268,70.39,98,99,5.59,overcast clouds
332,Genhe,CN,50.7833,121.5167,59.16,98,68,0.58,broken clouds
333,Port-Gentil,GA,-0.7193,8.7815,75.16,83,75,9.22,broken clouds
334,Constitucion,CL,-35.3333,-72.4167,50.95,94,100,6.42,light rain
335,Cruzeiro Do Sul,BR,-29.5128,-51.9853,56.48,79,72,3.04,broken clouds
336,Kholtoson,RU,50.2981,103.3097,52.63,81,53,2.21,broken clouds
337,Saint Anthony,US,45.0205,-93.218,91.35,52,40,8.05,scattered clouds
338,Vila,PT,42.0304,-8.1588,69.69,59,28,1.61,scattered clouds
339,Narsaq,GL,60.9167,-46.05,59.22,72,96,6.08,overcast clouds
340,Pangkalanbuun,ID,-2.6833,111.6167,70.27,95,98,2.26,overcast clouds
341,Santa Rosa,PH,14.3122,121.1114,78.78,95,90,1.63,overcast clouds
342,Hualmay,PE,-11.0964,-77.6139,65.1,74,14,10.47,few clouds
343,Fairbanks,US,64.8378,-147.7164,65.08,63,40,1.01,light rain
344,Black River,JM,18.0264,-77.8487,88.43,57,56,19.62,broken clouds
345,Taywarah,AF,33.35,64.4167,62.29,19,0,3.71,clear sky
346,Ucluelet,CA,48.9329,-125.5528,64.71,87,51,3.0,broken clouds
347,College,US,64.8569,-147.8028,65.07,63,75,0.0,broken clouds
348,Ongandjera,NA,-17.8833,15.0667,60.93,32,0,9.33,clear sky
349,Sukhobezvodnoye,RU,57.0491,44.8891,60.21,84,93,4.41,overcast clouds
350,Palauig,PH,15.435,119.9045,79.59,78,63,4.32,broken clouds
351,Caravelas,BR,-17.7125,-39.2481,72.93,82,4,7.65,clear sky
352,Kroya,ID,-7.6331,109.2461,75.18,89,75,5.44,broken clouds
353,Jiuquan,CN,39.7432,98.5174,70.97,44,100,23.04,overcast clouds
354,Nauta,PE,-4.5061,-73.5757,86.58,65,93,3.44,light rain
355,Ngunguru,NZ,-35.6167,174.5,55.27,68,100,9.17,overcast clouds
356,Belyy Yar,RU,53.6039,91.3903,64.29,82,0,11.18,moderate rain
357,Mahajanga,MG,-15.7167,46.3167,75.22,57,40,11.5,scattered clouds
358,Tambun,ID,-6.2641,107.0712,77.04,88,18,1.21,few clouds
359,Straumen,NO,63.8709,11.2999,53.6,91,75,4.68,broken clouds
360,Suntar,RU,62.1444,117.6319,56.16,94,100,3.02,overcast clouds
361,Ko Samui,TH,9.5357,99.9357,82.54,77,97,10.13,overcast clouds
362,Chipinge,ZW,-20.1883,32.6236,53.55,79,77,2.86,broken clouds
363,Sao Joao Da Barra,BR,-21.6403,-41.0511,78.89,85,100,20.04,overcast clouds
364,Novobirilyussy,RU,56.9514,90.6661,53.62,98,74,8.57,light rain
365,Yei,SS,4.095,30.6779,65.75,97,61,1.68,broken clouds
366,Sao Filipe,CV,14.8961,-24.4956,75.2,79,43,14.43,scattered clouds
367,Atyrau,KZ,47.1167,51.8833,93.22,20,0,13.42,clear sky
368,Sambava,MG,-14.2667,50.1667,70.07,83,91,14.47,light rain
369,Leh,IN,34.1667,77.5833,63.52,50,67,2.82,broken clouds
370,Savannah Bight,HN,16.45,-85.85,83.1,77,32,20.13,scattered clouds
371,Grafton,US,42.207,-71.6856,89.29,51,0,11.5,clear sky
372,Tenenkou,ML,14.4572,-4.9169,86.49,53,27,7.07,scattered clouds
373,Gillette,US,44.2911,-105.5022,97.72,12,0,6.91,clear sky
374,Kwinana,AU,-32.25,115.7667,54.23,78,79,11.34,light rain
375,Kirakira,SB,-10.4544,161.9205,80.04,83,60,9.46,broken clouds
376,Sidi Ali,DZ,36.0998,0.4206,76.26,72,0,5.66,clear sky
377,Wlingi,ID,-8.0776,112.3311,68.88,95,73,3.09,broken clouds
378,Zhongshu,CN,24.5167,103.7667,65.64,96,100,4.18,overcast clouds
379,Lorengau,PG,-2.0226,147.2712,81.9,79,86,9.66,light rain
380,Roanoke Rapids,US,36.4615,-77.6542,92.19,79,0,6.91,clear sky
381,Irece,BR,-11.3042,-41.8558,74.68,41,0,13.49,clear sky
382,Tiarei,PF,-17.5333,-149.3333,80.62,71,37,14.23,scattered clouds
383,Waitati,NZ,-45.75,170.5667,55.47,63,100,11.25,overcast clouds
384,Dubai,AE,25.2582,55.3047,97.05,46,100,4.61,overcast clouds
385,Saint-Pierre,RE,-21.3393,55.4781,69.91,68,0,20.71,clear sky
386,Chazuta,PE,-6.5742,-76.1367,90.45,74,50,1.72,scattered clouds
387,Sao Jose Da Coroa Grande,BR,-8.8978,-35.1478,75.18,80,80,9.73,broken clouds
388,Kirillov,RU,59.863,38.3813,51.4,91,47,2.91,scattered clouds
389,Hofn,IS,64.2539,-15.2082,55.31,69,30,8.39,scattered clouds
390,Erzin,TR,36.9559,36.2,75.31,81,1,0.65,clear sky
391,Podor,MR,16.6527,-14.9587,85.68,52,11,16.73,few clouds
392,Yebaishou,CN,41.3975,119.6408,63.73,92,1,3.76,clear sky
393,Flinders,AU,-34.5833,150.8552,52.25,71,4,8.99,clear sky
394,Kutahya,TR,39.4242,29.9833,60.28,78,0,6.35,clear sky
395,Isangel,VU,-19.55,169.2667,75.74,85,100,15.84,overcast clouds
396,Saint-Augustin,CA,51.226,-58.6502,63.27,78,100,18.9,overcast clouds
397,Sergeyevka,KZ,53.88,67.4158,63.19,95,100,5.68,light rain
398,Vardo,NO,70.3705,31.1107,53.58,87,40,5.75,scattered clouds
399,Washington,US,47.5001,-120.5015,81.48,33,0,4.88,clear sky
400,Takoradi,GH,4.8845,-1.7554,74.95,80,57,8.66,broken clouds
401,Abashiri,JP,44.0213,144.2697,67.39,95,47,7.49,scattered clouds
402,Los Llanos De Aridane,ES,28.6585,-17.9182,69.55,85,0,18.41,clear sky
403,Lerik,AZ,38.7726,48.4128,63.32,32,0,2.24,clear sky
404,Tocopilla,CL,-22.092,-70.1979,64.26,65,16,8.93,few clouds
405,Port Hedland,AU,-20.3167,118.5667,53.65,62,4,2.3,clear sky
406,Krusa,DK,54.851,9.4013,62.24,84,97,10.36,overcast clouds
407,Yokadouma,CM,3.5167,15.05,69.62,98,100,1.95,light rain
408,Bilibino,RU,68.0546,166.4372,33.4,68,98,20.0,overcast clouds
409,Plettenberg Bay,ZA,-34.0527,23.3716,62.11,76,0,7.45,clear sky
410,Pitea,SE,65.3172,21.4794,55.49,81,100,5.28,overcast clouds
411,Nanakuli,US,21.3906,-158.1547,84.15,65,100,8.05,overcast clouds
412,Cullman,US,34.1748,-86.8436,94.06,45,0,7.0,clear sky
413,Acapulco,MX,16.8634,-99.8901,87.62,62,75,5.75,broken clouds
414,Port Lavaca,US,28.615,-96.6261,96.3,57,40,11.5,scattered clouds
415,Hovd,MN,48.0056,91.6419,64.54,42,15,8.1,few clouds
416,Ponta Delgada,PT,37.7333,-25.6667,68.72,100,75,11.5,broken clouds
417,Payo,ID,-3.7508,103.6372,72.28,95,61,2.46,broken clouds
418,Gouyave,GD,12.1646,-61.7296,83.17,74,20,23.02,few clouds
419,Mandiana,GN,10.6333,-8.6833,73.67,96,90,5.61,overcast clouds
420,Holbeach,GB,52.804,0.0144,77.05,45,100,9.22,overcast clouds
421,Sendhwa,IN,21.6833,75.1,75.63,90,100,14.67,overcast clouds
422,Llangefni,GB,53.2556,-4.3106,69.58,62,96,14.97,overcast clouds
423,Bokhan,RU,53.153,103.7714,53.17,91,45,4.63,scattered clouds
424,Henties Bay,NA,-22.116,14.2845,65.44,52,14,9.01,few clouds
425,Tezu,IN,27.9167,96.1667,77.14,98,89,2.01,light rain
426,Markova,UA,48.6758,24.4138,50.56,70,30,6.17,scattered clouds
427,Jaque,PA,7.5175,-78.1703,82.74,72,99,5.5,overcast clouds
428,Lata,PT,40.1629,-8.3327,64.09,87,7,2.8,clear sky
429,Mitsamiouli,KM,-11.3847,43.2844,76.89,69,12,6.71,few clouds
430,Ilulissat,GL,69.2167,-51.1,51.82,54,20,3.44,few clouds
431,Chokwe,MZ,-24.5333,32.9833,62.19,95,0,5.01,clear sky
432,Uribia,CO,11.7139,-72.266,91.98,45,100,22.46,overcast clouds
433,Davila,PH,18.4726,120.5763,81.46,78,96,6.15,overcast clouds
434,Asfi,MA,32.2994,-9.2372,69.93,89,1,13.65,clear sky
435,Ipala,GT,14.6167,-89.6167,83.52,60,34,6.55,scattered clouds
436,Kuryk,KZ,43.2,51.65,85.24,38,0,7.25,clear sky
437,Yandyki,RU,45.7691,47.1258,83.79,43,38,4.83,scattered clouds
438,Surt,LY,31.2089,16.5887,79.41,68,0,10.4,clear sky
439,San Lawrenz,MT,36.0553,14.204,78.85,82,0,1.01,clear sky
440,Iberia,US,29.9502,-91.7507,91.98,70,80,6.58,light rain
441,Zhob,PK,31.3411,69.4481,74.17,75,19,2.42,few clouds
442,Goundam,ML,16.4145,-3.6708,93.09,38,12,8.59,few clouds
443,Ust-Tsilma,RU,65.441,52.1498,63.0,82,93,2.91,overcast clouds
444,Birjand,IR,32.8663,59.2211,79.27,10,0,6.91,clear sky
445,Kalmunai,LK,7.4167,81.8167,80.65,80,100,5.44,overcast clouds
446,Amahai,ID,-3.3333,128.9167,75.92,92,97,5.97,overcast clouds
447,Economy,US,40.6001,-80.2248,75.25,88,100,1.01,moderate rain
448,Mbaiki,CF,3.8678,17.9892,68.65,98,100,1.21,light rain
449,Sao Francisco,BR,-15.9486,-44.8644,77.11,30,24,3.87,few clouds
450,Aksay,RU,47.26,39.87,77.25,46,54,8.01,broken clouds
451,Waddan,LY,29.1614,16.139,81.37,40,0,17.94,clear sky
452,Matoury,GF,4.8483,-52.3317,85.96,70,31,9.22,scattered clouds
453,Changping,CN,40.2186,116.2197,73.04,45,71,5.79,broken clouds
454,Kedougou,SN,12.5579,-12.1743,81.79,78,82,5.59,broken clouds
455,Cradock,ZA,-32.1642,25.6192,55.33,41,0,7.38,clear sky
456,Chabahar,IR,25.2919,60.643,87.84,69,100,4.7,overcast clouds
457,Misratah,LY,32.3754,15.0925,80.24,64,0,9.71,clear sky
458,Tura,IN,25.5198,90.2201,75.22,95,99,4.85,overcast clouds
459,Altamont,US,42.2068,-121.7372,89.78,23,0,9.22,clear sky
460,Roald,NO,62.5833,6.1333,59.92,76,75,16.11,broken clouds
461,Lafiagi,NG,8.8667,5.4167,74.46,92,100,3.67,light rain
462,Ginda,IN,30.6945,78.4932,67.44,91,31,2.06,scattered clouds
463,Schertz,US,29.5522,-98.2697,104.38,25,40,6.91,scattered clouds
464,Lompoc,US,34.6391,-120.4579,83.84,69,0,16.11,clear sky
465,Gold Coast,AU,-28.0,153.4333,57.0,95,73,10.07,broken clouds
466,Leshukonskoye,RU,64.8989,45.7622,60.58,70,100,0.78,overcast clouds
467,Ribeira Grande,PT,38.5167,-28.7,73.8,88,20,17.27,few clouds
468,San Luis,AR,-33.295,-66.3356,52.84,30,100,13.94,overcast clouds
469,Goya,AR,-29.14,-59.2626,50.86,71,0,4.68,clear sky
470,Quanzhou,CN,24.9139,118.5858,79.74,94,99,6.64,overcast clouds
471,Marica,BR,-22.9194,-42.8186,84.15,76,52,14.85,broken clouds
472,Coquimbo,CL,-29.9533,-71.3436,60.53,44,0,5.75,clear sky
473,Brighton,GB,50.8284,-0.1395,73.81,53,58,5.99,broken clouds
474,Kloulklubed,PW,7.0419,134.2556,81.82,71,98,4.0,overcast clouds
475,Gimli,CA,50.6336,-96.9907,86.02,66,0,13.8,clear sky
476,Owando,CG,-0.4819,15.8999,79.07,62,99,3.65,overcast clouds
477,Briancon,FR,44.9,6.65,68.34,76,91,2.04,overcast clouds
478,Ketchikan,US,55.3422,-131.6461,58.98,88,100,11.5,overcast clouds
479,Sabaudia,IT,41.3003,13.0282,83.19,71,0,6.78,clear sky
480,Odweyne,SO,9.4092,45.064,75.0,47,13,22.32,few clouds
481,San Cristobal,VE,7.7669,-72.225,80.78,60,47,5.82,scattered clouds
482,Russell,US,32.3502,-85.1999,92.97,51,0,3.44,clear sky
483,Valverde Del Camino,ES,37.5751,-6.7543,74.37,50,10,2.95,clear sky
484,Taldan,RU,53.6667,124.8,63.0,99,95,2.77,light rain
485,Les Cayes,HT,18.2,-73.75,87.33,60,21,15.05,few clouds
486,Arvika,SE,59.6553,12.5852,63.21,74,86,2.55,overcast clouds
487,Okhotsk,RU,59.3833,143.3,58.59,90,74,2.82,broken clouds
488,Dalby,AU,-27.1833,151.2667,53.98,85,84,1.99,broken clouds
489,Moerai,PF,-22.4333,-151.3333,72.52,63,70,20.02,broken clouds
490,Jalpan,MX,21.2333,-99.4833,90.34,36,2,8.46,clear sky
491,Katsuura,JP,35.1333,140.3,78.06,90,100,12.39,overcast clouds
492,Gashua,NG,12.871,11.0482,73.38,86,98,9.22,overcast clouds
493,Kavieng,PG,-2.5744,150.7967,81.88,80,45,13.51,light rain
494,Pangnirtung,CA,66.1451,-65.7125,44.6,81,40,16.11,scattered clouds
495,Goderich,CA,43.7501,-81.7165,79.92,57,100,9.22,overcast clouds
496,Chicama,PE,-7.8447,-79.1469,61.34,63,1,9.04,clear sky
497,Kamiiso,JP,41.8167,140.65,66.61,96,44,3.11,scattered clouds
498,Campbell River,CA,50.0163,-125.2446,67.59,63,75,9.22,broken clouds
499,Chowchilla,US,37.123,-120.2602,111.02,18,0,6.91,clear sky
500,Zorgo,BF,12.2489,-0.6158,77.0,79,15,2.8,few clouds
501,Alghero,IT,40.5589,8.3181,78.89,83,0,4.61,clear sky
502,Elko,US,41.0002,-115.5012,96.82,14,71,17.0,broken clouds
503,Rawson,AR,-43.3002,-65.1023,49.1,51,42,13.67,scattered clouds
504,Semey,KZ,50.4111,80.2275,64.29,87,21,15.86,few clouds
505,Aswan,EG,24.0934,32.907,92.5,13,0,6.91,clear sky
506,Hasaki,JP,35.7333,140.8333,75.6,89,99,8.37,overcast clouds
507,Senanga,ZM,-16.1167,23.2667,52.84,49,0,6.44,clear sky
508,Grand-Lahou,CI,5.1367,-5.0242,75.09,86,39,10.25,light rain
509,Vilyuysk,RU,63.7553,121.6247,64.62,97,97,4.97,light rain
510,Invermere,CA,50.5167,-116.0354,87.37,23,32,8.66,scattered clouds
511,Itoman,JP,26.1247,127.6694,84.58,91,20,18.41,drizzle
512,Morondava,MG,-20.2833,44.2833,71.58,51,0,11.65,clear sky
513,Cheremukhovo,RU,60.3484,59.9851,60.84,97,85,1.9,overcast clouds
514,Tessalit,ML,20.1986,1.0114,90.7,32,100,7.87,overcast clouds
515,Khandyga,RU,62.6667,135.6,73.94,74,3,3.47,clear sky
516,Khatukay,RU,45.1889,39.6664,75.18,46,82,8.46,broken clouds
517,Nanzhang,CN,31.7765,111.8386,80.87,74,26,2.37,scattered clouds
518,Terney,RU,45.0503,136.6092,60.96,90,100,4.68,overcast clouds
519,Valley City,US,46.9233,-98.0032,91.92,55,0,13.8,clear sky
520,Griffith,US,41.5284,-87.4237,77.9,84,100,4.0,overcast clouds
521,Benemerito De Las Americas,MX,16.5167,-90.6439,94.23,36,37,4.74,scattered clouds
522,Wynyard,AU,-41.0,145.7167,39.97,71,58,9.82,broken clouds
523,Buraydah,SA,26.326,43.975,91.85,11,13,9.06,few clouds
524,Wamba,NG,8.9333,8.6,71.58,92,100,1.99,overcast clouds
525,Egvekinot,RU,66.3167,-179.1667,37.31,38,45,21.43,scattered clouds
526,Marquette,US,46.5333,-87.6335,81.84,76,41,4.07,scattered clouds
527,Sistranda,NO,63.7256,8.834,53.56,82,85,18.77,overcast clouds
528,Great Yarmouth,GB,52.6083,1.7305,70.41,73,45,11.9,scattered clouds
529,Mamboma,SL,8.0833,-11.6833,72.86,98,97,4.07,light rain
530,Clyde River,CA,70.4692,-68.5914,35.83,87,75,14.97,broken clouds
531,Navlya,RU,52.8281,34.4989,55.54,97,92,3.11,overcast clouds
532,Tiffin,US,41.1145,-83.178,73.6,95,100,13.06,overcast clouds
533,Novyy Urengoy,RU,66.0833,76.6333,56.16,71,100,6.49,overcast clouds
534,Melo,UY,-32.3667,-54.1833,44.91,83,0,6.89,clear sky
535,Betare Oya,CM,5.6,14.0833,66.54,97,100,3.02,overcast clouds
536,Oranjemund,NA,-28.55,16.4333,58.08,80,0,6.58,clear sky
537,Gurupi,BR,-11.7292,-49.0686,84.83,23,1,6.26,clear sky
538,Cimislia,MD,46.52,28.7842,64.54,53,2,12.26,clear sky
539,Rundu,NA,-17.9333,19.7667,52.74,39,0,6.76,clear sky
540,Baturaja,ID,-4.1333,104.1667,72.32,98,76,2.15,broken clouds
541,Gagra,GE,43.3283,40.2239,68.92,90,80,3.4,broken clouds
542,Malumfashi,NG,11.7853,7.6218,70.74,89,100,7.02,overcast clouds
543,Pimentel,PE,-6.8367,-79.9342,70.09,60,0,16.11,clear sky
544,Along,IN,28.1667,94.7667,74.82,98,86,0.98,overcast clouds
545,Poso,ID,-1.3959,120.7524,76.19,85,100,4.74,moderate rain
546,Tual,ID,-5.6667,132.75,78.69,76,72,19.73,broken clouds
547,Nioki,CD,-2.7167,17.6833,81.5,50,93,2.48,overcast clouds
548,Ternate,ID,0.8,127.4,78.66,84,100,7.11,moderate rain
549,Aromashevo,RU,56.8602,68.6375,57.27,89,4,4.7,clear sky
550,Inongo,CD,-1.95,18.2667,71.89,77,89,4.25,overcast clouds
551,Kailua,US,21.4022,-157.7394,84.18,73,75,11.5,broken clouds
552,Kargasok,RU,59.0556,80.8572,51.06,95,22,9.06,few clouds
553,Qaqortoq,GL,60.7167,-46.0333,45.93,78,93,9.01,overcast clouds
554,Volchansk,RU,59.9378,60.081,59.81,94,91,1.19,overcast clouds
555,Greer,US,34.9387,-82.2271,93.06,54,20,11.5,few clouds
556,Sawakin,SD,19.1059,37.3321,88.56,53,11,4.9,few clouds
557,Sur,OM,22.5667,59.5289,85.68,70,100,7.67,light rain
558,Kjollefjord,NO,70.9457,27.3465,51.85,87,75,5.75,broken clouds
559,Beaufort,MY,5.3473,115.7455,76.12,80,100,1.57,overcast clouds
560,Bulgan,MN,48.8125,103.5347,57.24,70,49,1.12,scattered clouds
561,Beira,MZ,-19.8436,34.8389,68.52,81,69,7.94,broken clouds
562,Quatre Cocos,MU,-20.2078,57.7625,70.09,67,80,21.41,light rain
563,Shaoxing,CN,30.011,120.5715,82.35,87,100,3.83,overcast clouds
564,Vallenar,CL,-28.5708,-70.7581,69.73,19,1,2.48,clear sky
565,Deputatskiy,RU,69.3,139.9,48.04,63,78,3.0,broken clouds
566,Uthal,PK,25.8072,66.6219,83.39,83,100,8.16,moderate rain
567,Qasigiannguit,GL,68.8193,-51.1922,52.05,67,27,4.7,scattered clouds
568,Hals,DK,56.9961,10.3081,61.0,91,100,13.69,overcast clouds
569,Alice Town,BS,25.7167,-79.3,83.91,73,100,6.98,overcast clouds
570,Machinga,MW,-15.1685,35.3,62.01,68,100,4.23,overcast clouds
571,Longkou,CN,37.6508,120.3286,73.44,85,6,2.21,clear sky
572,Port Hardy,CA,50.6996,-127.4199,57.38,88,75,10.36,broken clouds
573,Harwich,GB,51.9419,1.2844,68.97,74,48,1.99,scattered clouds
574,Manaure,CO,11.7751,-72.4445,89.46,54,100,21.36,overcast clouds
575,Saint-Joseph,RE,-21.3667,55.6167,68.38,75,41,16.06,scattered clouds
576,Jining,CN,35.405,116.5814,73.94,93,38,3.69,scattered clouds
577,Cabedelo,BR,-6.9811,-34.8339,75.87,78,81,16.06,broken clouds
578,Porosozero,RU,62.7191,32.727,49.66,86,20,4.56,few clouds
579,Bonavista,CA,48.6499,-53.1147,65.3,68,79,16.87,broken clouds
580,Lae,PG,-6.7221,146.9847,74.07,80,86,6.89,overcast clouds
581,Champerico,GT,14.3,-91.9167,93.74,72,33,6.08,scattered clouds
582,Kibre Mengist,ET,5.8833,38.9833,58.55,89,100,2.44,overcast clouds
583,Aitape,PG,-3.1374,142.3475,75.96,87,24,3.87,few clouds
584,Talcahuano,CL,-36.7167,-73.1167,51.48,87,100,9.22,overcast clouds
585,Burewala,PK,30.1667,72.65,85.95,69,36,4.21,scattered clouds
586,Udachnyy,RU,66.4167,112.4,50.45,100,100,2.98,overcast clouds
587,Awbari,LY,26.5921,12.7805,84.13,14,0,9.1,clear sky
588,Nicoya,CR,10.1483,-85.452,83.12,75,94,3.53,overcast clouds
589,Nossa Senhora Das Dores,BR,-10.4917,-37.1933,67.5,84,6,4.47,clear sky
590,Salisbury,GB,51.0693,-1.7957,70.68,37,74,5.75,light rain
591,Kurchum,KZ,48.5722,83.6542,70.65,50,62,3.04,broken clouds
592,San Quintin,MX,30.4833,-115.95,74.59,65,8,10.67,clear sky
593,Cidreira,BR,-30.1811,-50.2056,53.69,71,22,9.64,few clouds
594,Kazanskaya,RU,45.4106,40.4361,75.72,50,93,6.71,overcast clouds
595,Moose Factory,CA,51.2585,-80.6094,87.8,42,40,14.97,scattered clouds
596,Andijon,UZ,40.7821,72.3442,81.68,14,0,6.8,clear sky
597,Phan Thiet,VN,10.9333,108.1,76.95,88,94,7.85,overcast clouds
598,Gisborne,NZ,-38.6533,178.0042,49.08,78,54,11.48,broken clouds
599,Palmer,US,42.1584,-72.3287,87.4,52,40,13.8,scattered clouds
600,Kawakawa,NZ,-35.3833,174.0667,49.14,81,99,2.8,overcast clouds
601,Kirkwall,GB,58.9848,-2.9587,59.05,88,100,2.3,overcast clouds
602,Mbandaka,CD,0.0487,18.2603,71.2,92,94,3.94,overcast clouds
603,The Valley,AI,18.217,-63.0578,86.14,66,20,16.11,few clouds
604,Baruun-Urt,MN,46.6806,113.2792,58.26,58,0,6.69,clear sky
605,Saratoga Springs,US,43.0831,-73.7846,93.18,39,50,4.0,scattered clouds
606,Rosarito,MX,32.3333,-117.0333,83.66,76,54,6.2,broken clouds
607,Coahuayana,MX,18.7333,-103.6833,85.26,75,80,8.19,broken clouds
608,Teya,RU,60.3778,92.6267,51.82,95,99,3.91,light rain
609,Chapleau,CA,47.8405,-83.4034,80.69,47,75,3.44,broken clouds
610,Bondo,CD,3.8146,23.6866,70.48,99,90,1.59,moderate rain
611,Atar,MR,20.5169,-13.0499,100.92,11,30,6.02,scattered clouds
612,Sieradz,PL,51.5958,18.7302,54.68,83,28,7.38,scattered clouds
613,Necochea,AR,-38.5473,-58.7368,53.64,42,41,19.53,scattered clouds
614,Mercedes,AR,-34.6515,-59.4307,54.79,41,21,9.53,few clouds
615,Abu Kamal,SY,34.4506,40.9171,91.26,19,0,8.77,clear sky
616,Kashi,CN,39.4547,75.9797,79.81,27,0,8.95,clear sky
617,Vestmannaeyjar,IS,63.4427,-20.2734,51.94,87,50,13.56,scattered clouds
618,Chiredzi,ZW,-21.05,31.6667,58.57,71,39,3.56,scattered clouds
619,Takaka,NZ,-40.85,172.8,56.55,84,88,12.01,overcast clouds
620,Yarada,IN,17.65,83.2667,80.92,94,75,3.44,mist
621,Pangai,TO,-19.8,-174.35,77.11,83,20,20.71,few clouds
622,Oriximina,BR,-1.7656,-55.8661,86.2,59,23,3.02,few clouds
623,Neuquen,AR,-38.9516,-68.0591,53.49,50,40,9.22,scattered clouds
624,Karratha,AU,-20.7377,116.8463,64.81,55,1,6.42,light rain
625,Nurota,UZ,40.5614,65.6886,82.42,17,0,9.62,clear sky
626,Yaan,NG,7.3833,8.5667,74.89,79,100,3.13,overcast clouds
627,Milledgeville,US,33.0801,-83.2321,93.49,54,40,0.0,scattered clouds
628,Luganville,VU,-15.5333,167.1667,78.69,86,61,12.95,broken clouds
629,Westport,US,41.1415,-73.3579,85.62,65,0,8.05,clear sky
630,Naliya,IN,23.2667,68.8333,81.27,83,21,16.08,few clouds
631,Akureyri,IS,65.6835,-18.0878,48.13,93,75,10.36,broken clouds
632,Van Buren,US,35.4368,-94.3483,104.32,33,0,6.91,clear sky
633,Viedma,AR,-40.8135,-62.9967,49.77,45,58,22.7,broken clouds
634,Nassau,US,40.7507,-73.5829,85.66,68,20,11.5,few clouds
635,Bud,US,39.447,-86.1758,73.42,95,100,7.4,moderate rain
636,Nekrasovka,RU,48.3525,135.2325,66.22,88,20,4.47,moderate rain
637,Smithers,CA,54.7804,-127.1743,66.52,52,75,4.61,broken clouds
638,Voi,KE,-3.3945,38.563,66.78,84,25,9.44,scattered clouds
639,Thinadhoo,MV,0.5333,72.9333,80.29,75,100,20.65,moderate rain
640,Yar-Sale,RU,66.8333,70.8333,55.6,68,60,5.14,broken clouds
641,Esfarayen,IR,37.0765,57.5101,76.66,17,0,6.89,clear sky
642,Zomba,MW,-15.386,35.3188,59.27,75,100,4.85,overcast clouds
643,Podhum,BA,43.7231,17.0011,67.08,58,0,8.48,clear sky
644,Rio Grande,BR,-32.035,-52.0986,55.51,73,0,7.92,clear sky
645,Rio Gallegos,AR,-51.6226,-69.2181,35.65,69,20,14.97,few clouds
646,Bagotville,AU,-28.9833,153.4167,56.64,93,33,7.63,scattered clouds
647,Maluso,PH,6.543,121.8753,78.03,88,100,11.07,overcast clouds
648,Cayenne,GF,4.9333,-52.3333,86.04,9,37,9.22,scattered clouds
649,Petropavlovsk-Kamchatskiy,RU,53.0452,158.6483,64.99,82,0,2.24,clear sky
650,Pierre,US,44.3683,-100.351,94.12,43,0,6.91,clear sky
651,Utrecht,NL,52.0,5.25,70.07,66,58,4.99,broken clouds
652,San Martin,AR,-33.081,-68.4681,55.94,28,17,0.65,few clouds
653,Curup,ID,-3.4667,102.5333,67.46,94,72,1.97,broken clouds
654,Ushtobe,KZ,45.2514,77.9838,73.06,43,0,4.59,clear sky
655,Waingapu,ID,-9.6567,120.2641,72.25,84,17,7.74,few clouds
656,Sechura,PE,-5.5569,-80.8222,74.3,58,6,15.84,clear sky
657,Shimoda,JP,34.6667,138.95,77.11,88,87,14.03,overcast clouds
658,Ewa Beach,US,21.3156,-158.0072,84.15,63,75,25.32,broken clouds
659,Sorong,ID,-0.8833,131.25,76.98,85,100,4.16,overcast clouds
660,Trinidad,BO,-14.8333,-64.9,78.62,50,39,6.29,scattered clouds
661,Marienburg,PL,54.0359,19.0266,58.12,82,57,7.29,broken clouds
662,Greencastle,US,39.6445,-86.8647,73.26,93,100,11.5,heavy intensity rain
663,San Juan,AR,-31.5375,-68.5364,61.59,15,0,7.83,clear sky
664,Pokrovsk,UA,48.282,37.1758,59.95,83,89,7.2,light rain
665,Dhidhdhoo,MV,6.8833,73.1,80.94,79,100,17.07,overcast clouds
666,Huarmey,PE,-10.0681,-78.1522,66.51,73,1,12.1,clear sky
667,Bolshaya Dzhalga,RU,45.9695,42.6966,77.13,44,12,4.79,few clouds
668,Boende,CD,-0.2167,20.8667,74.1,91,100,2.08,light rain
669,Gushikawa,JP,26.3544,127.8686,83.79,86,20,13.8,drizzle
670,Kuching,MY,1.55,110.3333,75.42,94,20,2.3,few clouds
671,Dinhata,IN,26.1333,89.4667,82.09,82,94,8.01,overcast clouds
672,Farafangana,MG,-22.8167,47.8333,67.89,82,66,12.84,moderate rain
673,Kuldur,RU,49.2167,131.6333,63.03,91,26,1.57,scattered clouds
674,Camopi,GF,3.1655,-52.3158,76.37,89,99,5.26,overcast clouds
675,Dengfeng,CN,34.4553,113.0281,76.3,65,16,2.39,few clouds
676,Quelimane,MZ,-17.8786,36.8883,65.28,95,92,4.63,overcast clouds
677,Wukari,NG,7.85,9.7833,74.35,85,100,2.68,overcast clouds
678,Karera,IN,25.4667,78.15,90.39,52,89,6.06,overcast clouds
679,Yumen,CN,40.2833,97.2,73.89,33,100,15.03,overcast clouds
680,Teknaf,BD,20.8624,92.3058,79.79,89,100,7.4,overcast clouds
681,Bereznik,RU,62.8551,42.7072,56.39,97,100,2.84,light rain
682,Lagos,NG,6.5833,3.75,74.77,87,99,4.41,overcast clouds
683,Kaeo,NZ,-35.1,173.7833,49.32,95,100,6.11,overcast clouds
684,Mont-Dore,NC,-22.2833,166.5833,71.01,99,77,8.57,broken clouds
685,Liverpool,GB,53.4106,-2.9779,79.34,49,0,8.05,clear sky
686,Srivardhan,IN,18.0333,73.0167,79.59,86,100,14.76,overcast clouds
687,Kamaishi,JP,39.2667,141.8833,72.27,89,39,2.82,scattered clouds
688,Ballina,AU,-28.8667,153.5667,56.79,93,18,8.32,few clouds
689,Walvis Bay,NA,-22.9575,14.5053,64.09,38,14,10.54,few clouds
690,Grand Gaube,MU,-20.0064,57.6608,70.2,71,55,10.0,light rain
691,Bandarbeyla,SO,9.4942,50.8122,76.32,80,9,38.45,clear sky
692,Havre-Saint-Pierre,CA,50.2334,-63.5986,66.56,68,20,20.71,few clouds
693,Puerto Madryn,AR,-42.7692,-65.0385,49.86,51,74,10.69,broken clouds
694,Arai,JP,37.0167,138.25,75.92,93,99,3.53,overcast clouds
695,Foam Lake,CA,51.65,-103.5343,73.42,46,0,3.71,clear sky
696,Cotonou,BJ,6.3654,2.4183,76.44,84,21,12.03,few clouds
697,Idritsa,RU,56.3316,28.8988,52.27,97,100,4.38,overcast clouds
